{
    "serverAuthContext" : {
        "sessionModule" : {
            "name" : "JWT_SESSION",
            "properties" : {
                "keyAlias" : "&{openidm.https.keystore.cert.alias}",
                "privateKeyPassword" : "&{openidm.keystore.password}",
                "keystoreType" : "&{openidm.keystore.type}",
                "keystoreFile" : "&{openidm.keystore.location}",
                "keystorePassword" : "&{openidm.keystore.password}",
                "maxTokenLifeMinutes" : "120",
                "tokenIdleTimeMinutes" : "30",
                "sessionOnly" : true,
                "isHttpOnly" : true
            }
        },
        "authModules" : [
            {
                "name" : "STATIC_USER",
                "properties" : {
                    "queryOnResource" : "repo/internal/user",
                    "username" : "anonymous",
                    "password" : "&{openidm.anonymous.password}",
                    "defaultUserRoles" : [ "openidm-reg" ]
                },
                "enabled" : true
            },
            {
                "name" : "MANAGED_USER",
                "properties" : {
                    "augmentSecurityContext": {
                        "type" : "text/javascript",
                        "source" : "require('auth/customAuthz').setProtectedAttributes(security)"
                    },
                    "queryId" : "credential-query",
                    "queryOnResource" : "managed/user",
                    "propertyMapping" : {
                        "authenticationId" : "username",
                        "userCredential" : "password",
                        "userRoles" : "authzRoles"
                    },
                    "defaultUserRoles" : [ ]
                },
                "enabled" : false
            },
            {
                "name" : "INTERNAL_USER",
                "properties" : {
                    "queryId" : "credential-internaluser-query",
                    "queryOnResource" : "repo/internal/user",
                    "propertyMapping" : {
                        "authenticationId" : "username",
                        "userCredential" : "password",
                        "userRoles" : "roles"
                    },
                    "defaultUserRoles" : [ ]
                },
                "enabled" : true
            },
            {   "name" : "CLIENT_CERT",
                "properties" : {
                    "queryOnResource" : "security/truststore",
                    "defaultUserRoles" : [ "openidm-cert" ],
                    "allowedAuthenticationIdPatterns" : [ ]
                },
                "enabled" : true
            },
            {
                "name" : "PASSTHROUGH",
                "properties" : {
                    "augmentSecurityContext": {
                        "type" : "text/javascript",
                        "file" : "auth/populateAsManagedUser.js"
                    },
                    "queryOnResource" : "system/ldap/account",
                    "propertyMapping" : {
                        "authenticationId" : "uid"
                    },
                    "managedUserLink" : "systemLdapAccounts_managedUser",
                    "defaultUserRoles" : [
                        "openidm-authorized"
                    ]
                },
                "enabled" : true
            },
            {
                "name" : "SOCIAL_PROVIDERS",
                "properties" : {
                    "defaultUserRoles" : [
                        "openidm-authorized"
                    ],
                    "augmentSecurityContext" : {
                        "type" : "text/javascript",
                        "globals" : { },
                        "file" : "auth/populateAsManagedUserFromRelationship.js"
                    },
                    "propertyMapping" : {
                        "userRoles" : "authzRoles"
                    }
                },
                "enabled" : true
            }
        ]
    }
}
