{
    "file" : "info/version.js",
    "type" : "text/javascript",
    "apiDescription" : {
        "title" : "Information",
        "description" : "Service that provides OpenIDM version information.",
        "mvccSupported" : false,
        "read" : {
            "description" : "Provides the software version of this OpenIDM instance."
        },
        "resourceSchema" : {
            "title" : "Version Info",
            "type" : "object",
            "required" : [ "productVersion", "productRevision" ],
            "properties" : {
                "productVersion" : {
                    "type" : "string",
                    "description" : "OpenIDM version number"
                },
                "productRevision" : {
                    "type" : "string",
                    "description" : "OpenIDM source-code revision",
                    "default" : "unknown"
                }
            }
        }
    }
}