<?xml version="1.0"?>
<!DOCTYPE Configure PUBLIC "-//Jetty//Configure//EN" "http://www.eclipse.org/jetty/configure_9_0.dtd">
<!--
  Copyright 2015-2017 ForgeRock AS. All Rights Reserved

  Use of this code requires a commercial software license with ForgeRock AS.
  or with one of its affiliates. All use shall be exclusively subject
  to such license between the licensee and ForgeRock AS.
-->
<Configure id="Server" class="org.eclipse.jetty.server.Server">

    <!-- =========================================================== -->
    <!-- Set connectors                                              -->
    <!-- =========================================================== -->
    <!-- One of each type!                                           -->
    <!-- =========================================================== -->

    <!--<Arg name="threadpool">
        <New class="org.eclipse.jetty.util.thread.QueuedThreadPool">
            <Arg name="maxThreads">500</Arg>
            <Arg name="minThreads">50</Arg>
            <Arg name="idleTimeout">60000</Arg>
            <Arg name="queue">
                <New class="java.util.concurrent.ArrayBlockingQueue">
                    <Arg type="int">6000</Arg>
                </New>
            </Arg>
            <Set name="minThreads">50</Set>
            <Set name="maxThreads">500</Set>
            <Set name="detailedDump">false</Set>
        </New>
    </Arg>-->

    <New id="httpConfig" class="org.eclipse.jetty.server.HttpConfiguration">
        <!-- remove Server header from HTTP responses, to prevent leaking server-type/version -->
        <Set name="sendServerVersion">false</Set>
        <Set name="outputBufferSize">32768</Set>
        <Set name="requestHeaderSize">8192</Set>
        <Set name="responseHeaderSize">8192</Set>
        <Call name="addCustomizer">
            <Arg><New class="org.eclipse.jetty.server.ForwardedRequestCustomizer"/></Arg>
        </Call>
    </New>

    <New id="tlsHttpConfig" class="org.eclipse.jetty.server.HttpConfiguration">
        <Arg><Ref refid="httpConfig"/></Arg>
        <Set name="secureScheme">https</Set>
        <Set name="securePort">
            <Call class="org.forgerock.openidm.jetty.Param"  name="getProperty">
                <Arg>openidm.port.https</Arg>
            </Call>
        </Set>
        <Call name="addCustomizer">
            <Arg><New class="org.eclipse.jetty.server.SecureRequestCustomizer"/></Arg>
        </Call>
    </New>

    <New id="mutualAuthHttpConfig" class="org.eclipse.jetty.server.HttpConfiguration">
        <Arg><Ref refid="httpConfig"/></Arg>
        <Set name="secureScheme">https</Set>
        <Set name="securePort">
            <Call class="org.forgerock.openidm.jetty.Param"  name="getProperty">
                <Arg>openidm.port.mutualauth</Arg>
            </Call>
        </Set>
        <Call name="addCustomizer">
            <Arg><New class="org.eclipse.jetty.server.SecureRequestCustomizer"/></Arg>
        </Call>
    </New>

    <Array id="excludedCipherSuites" type="java.lang.String">
        <!-- EXP-RC4-MD5  -->
        <!-- RC4-MD5 -->
        <Item>.*RC4.*MD5</Item>

        <!-- RC4-SHA  -->
        <!--ECDHE-RSA-RC4-SHA -->
        <Item>.*RC4.*SHA</Item>

        <!-- EDE_CBC_SHA -->
        <!--EDH-RSA-DES-CBC-SHA or DHE-RSA-DES-CBC-SHA -->
        <!-- EXP-EDH-RSA-DES-CBC-SHA or EXP-DHE-RSA-DES-CBC-SHA  -->
        <!-- EXP-DES-CBC-SHA -->
        <!-- DES-CBC-SHA -->
        <Item>.*DES.*</Item>

    </Array>

    <New id="sslContextFactory" class="org.eclipse.jetty.util.ssl.SslContextFactory">
        <Set name="keyStorePath"><Get class="org.forgerock.openidm.jetty.Param" name="keystoreLocation"/></Set>
        <Set name="keyStorePassword"><Get class="org.forgerock.openidm.jetty.Param" name="keystorePassword"/></Set>
        <Set name="keyStoreType"><Get class="org.forgerock.openidm.jetty.Param" name="keystoreType"/></Set>
        <Set name="keyStoreProvider"><Get class="org.forgerock.openidm.jetty.Param" name="keystoreProvider" /></Set>
        <Set name="trustStoreProvider"><Get class="org.forgerock.openidm.jetty.Param" name="truststoreProvider" /></Set>
        <Set name="trustStoreType"><Get class="org.forgerock.openidm.jetty.Param" name="truststoreType"/></Set>
        <Set name="trustStorePath"><Get class="org.forgerock.openidm.jetty.Param" name="truststoreLocation"/></Set>
        <Set name="trustStorePassword"><Get class="org.forgerock.openidm.jetty.Param" name="truststorePassword"/></Set>
        <Set name="certAlias"><Get class="org.forgerock.openidm.jetty.Param" name="certAlias"/></Set>
        <Set name="ExcludeProtocols">
            <Array type="java.lang.String">
                <Item>SSLv3</Item>
            </Array>
        </Set>
        <Set name="ExcludeCipherSuites">
            <Ref refid="excludedCipherSuites"/>
        </Set>
    </New>

    <New id="sslContextFactoryMutualAuth" class="org.eclipse.jetty.util.ssl.SslContextFactory">
        <Set name="keyStorePath"><Get class="org.forgerock.openidm.jetty.Param" name="keystoreLocation"/></Set>
        <Set name="keyStorePassword"><Get class="org.forgerock.openidm.jetty.Param" name="keystorePassword"/></Set>
        <Set name="keyStoreType"><Get class="org.forgerock.openidm.jetty.Param" name="keystoreType"/></Set>
        <Set name="keyStoreProvider"><Get class="org.forgerock.openidm.jetty.Param" name="keystoreProvider" /></Set>
        <Set name="trustStoreProvider"><Get class="org.forgerock.openidm.jetty.Param" name="truststoreProvider" /></Set>
        <Set name="trustStoreType"><Get class="org.forgerock.openidm.jetty.Param" name="truststoreType"/></Set>
        <Set name="trustStorePath"><Get class="org.forgerock.openidm.jetty.Param" name="truststoreLocation"/></Set>
        <Set name="trustStorePassword"><Get class="org.forgerock.openidm.jetty.Param" name="truststorePassword"/></Set>
        <Set name="needClientAuth">true</Set>
        <Set name="certAlias"><Get class="org.forgerock.openidm.jetty.Param" name="certAlias"/></Set>
        <Set name="ExcludeProtocols">
            <Array type="java.lang.String">
                <Item>SSLv3</Item>
            </Array>
        </Set>
        <Set name="ExcludeCipherSuites">
            <Ref refid="excludedCipherSuites"/>
        </Set>
    </New>

    <Call name="addConnector">
        <Arg>
            <New class="org.eclipse.jetty.server.ServerConnector">
                <Arg name="server"><Ref refid="Server" /></Arg>
                <Arg name="executor"/>
                <Arg name="scheduler"/>
                <Arg name="bufferPool"/>
                <Arg name="acceptors" type="int">-1</Arg>
                <Arg name="selectors" type="int">-1</Arg>
                <Arg name="factories">
                    <Array type="org.eclipse.jetty.server.ConnectionFactory">
                        <Item>
                            <New class="org.eclipse.jetty.server.HttpConnectionFactory">
                                <Arg name="config"><Ref refid="httpConfig" /></Arg>
                            </New>
                        </Item>
                    </Array>
                </Arg>
                <Set name="port">
                    <Call class="org.forgerock.openidm.jetty.Param"  name="getProperty">
                        <Arg>openidm.port.http</Arg>
                    </Call>
                </Set>
                <Set name="idleTimeout">300000</Set>
                <Set name="name">
                    <Property name="jetty.host" default="0.0.0.0" />:<Call class="org.forgerock.openidm.jetty.Param"  name="getProperty">
                    <Arg>openidm.port.http</Arg>
                </Call>
                </Set>
            </New>
        </Arg>
    </Call>

    <Call id="sslConnector" name="addConnector">
        <Arg>
            <New class="org.eclipse.jetty.server.ServerConnector">
                <Arg name="server"><Ref refid="Server" /></Arg>
                <Arg name="executor"/>
                <Arg name="scheduler"/>
                <Arg name="bufferPool"/>
                <Arg name="acceptors" type="int">-1</Arg>
                <Arg name="selectors" type="int">-1</Arg>
                <Arg name="factories">
                    <Array type="org.eclipse.jetty.server.ConnectionFactory">
                        <Item>
                            <New class="org.eclipse.jetty.server.SslConnectionFactory">
                                <Arg name="next">http/1.1</Arg>
                                <Arg name="sslContextFactory"><Ref refid="sslContextFactory"/></Arg>
                            </New>
                        </Item>
                        <Item>
                            <New class="org.eclipse.jetty.server.HttpConnectionFactory">
                                <Arg name="config"><Ref refid="tlsHttpConfig"/></Arg>
                            </New>
                        </Item>
                    </Array>
                </Arg>
                <Set name="port">
                    <Call class="org.forgerock.openidm.jetty.Param"  name="getProperty">
                        <Arg>openidm.port.https</Arg>
                    </Call>
                </Set>
                <Set name="idleTimeout">30000</Set>
                <Set name="name">
                    <Property name="jetty.host" default="0.0.0.0" />:<Call class="org.forgerock.openidm.jetty.Param"  name="getProperty">
                    <Arg>openidm.port.https</Arg>
                </Call>
                </Set>
            </New>
        </Arg>
    </Call>

    <Call name="addConnector">
        <Arg>
            <New class="org.eclipse.jetty.server.ServerConnector" id="MutualAuthPort">
                <Arg name="server"><Ref refid="Server" /></Arg>
                <Arg name="factories">
                    <Array type="org.eclipse.jetty.server.ConnectionFactory">
                        <Item>
                            <New class="org.eclipse.jetty.server.SslConnectionFactory">
                                <Arg name="next">http/1.1</Arg>
                                <Arg name="sslContextFactory">
                                    <Ref refid="sslContextFactoryMutualAuth"/>
                                </Arg>
                            </New>
                        </Item>
                        <Item>
                            <New class="org.eclipse.jetty.server.HttpConnectionFactory">
                                <Arg name="config"><Ref refid="mutualAuthHttpConfig"/></Arg>
                            </New>
                        </Item>
                    </Array>
                </Arg>
                <Set name="port">
                    <Call class="org.forgerock.openidm.jetty.Param"  name="getProperty">
                        <Arg>openidm.port.mutualauth</Arg>
                    </Call>
                </Set>
                <Set name="idleTimeout">30000</Set>
                <Set name="name">
                    <Property name="jetty.host" default="0.0.0.0" />:<Call class="org.forgerock.openidm.jetty.Param"  name="getProperty">
                    <Arg>openidm.port.mutualauth</Arg>
                </Call>
                </Set>
                <!--Call class="org.forgerock.openidm.jetty.DisableOpenIDMAuth"
        name="add">
                    <Arg>
                        <Ref refid="MutualAuthPort"/>
                    </Arg>
                </Call-->
            </New>
        </Arg>
    </Call>

    <!-- Fallback error handler, that returns minimal information, for errors that cannot be handled by OpenIDM -->
    <Call name="addBean">
        <Arg>
            <New class="org.forgerock.openidm.jetty.JettyErrorHandler">
                <Set name="server"><Ref refid="Server" /></Set>
            </New>
        </Arg>
    </Call>

</Configure>
