{
    "configuration" : {
        "selfRegistration" : false,
        "passwordReset" : false,
        "forgotUsername" : false,
        "lang" : "en",
        "passwordResetLink" : "",
        "roles" : {
            "openidm-authorized" : "ui-user",
            "openidm-admin" : "ui-admin"
        },
        "notificationTypes" : {
            "info" : {
                "name" : "common.notification.types.info",
                "iconPath" : "images/notifications/info.png"
            },
            "warning" : {
                "name" : "common.notification.types.warning",
                "iconPath" : "images/notifications/warning.png"
            },
            "error" : {
                "name" : "common.notification.types.error",
                "iconPath" : "images/notifications/error.png"
            }
        },
        "defaultNotificationType" : "info"
    }
}
