{
    "icon" : "favicon.ico",
    "path" : "",
    "stylesheets" : [
        "css/bootstrap-3.3.7-custom.css",
        "css/structure.css",
        "css/theme.css"
    ],
    "settings" : {
        "logo" : {
            "src" : "images/logo-horizontal.png",
            "title" : "ForgeRock",
            "alt" : "ForgeRock"
        },
        "loginLogo" : {
            "src" : "images/login-logo.png",
            "title" : "ForgeRock",
            "alt" : "ForgeRock",
            "height" : "104px",
            "width" : "210px"
        },
        "footer" : {
            "mailto" : "info@forgerock.com"
        }
    }
}
