<?xml version="1.0" encoding="UTF-8"?><!--
  The contents of this file are subject to the terms of the Common Development and
  Distribution License (the License). You may not use this file except in compliance with the
  License.
 
  You can obtain a copy of the License at legal/CDDLv1.0.txt. See the License for the
  specific language governing permission and limitations under the License.
 
  When distributing Covered Software, include this CDDL Header Notice in each file and include
  the License file at legal/CDDLv1.0.txt. If applicable, add the following below the CDDL
  Header, with the fields enclosed by brackets [] replaced by your own identifying
  information: "Portions copyright [year] [name of copyright owner]".
 
  Copyright 2016 ForgeRock AS.
  -->
<configuration>
    <appender name="STDOUT" class="ch.qos.logback.core.ConsoleAppender">
        <encoder>
            <pattern>%nopex[%thread] %highlight(%-5level) %boldWhite(%logger{35}) -
                %message%n%highlight(%rootException{short})
            </pattern>
        </encoder>
    </appender>
     
    <appender name="SIFT" class="ch.qos.logback.classic.sift.SiftingAppender">
        <discriminator>
            <key>routeId</key>
            <defaultValue>system</defaultValue>
        </discriminator>
        <sift>
            <!-- Create a separate log file for each <key> -->
            <appender name="FILE-${routeId}" class="ch.qos.logback.core.rolling.RollingFileAppender">
                <file>${openig.base}/logs/route-${routeId}.log</file>
                 
                <rollingPolicy class="ch.qos.logback.core.rolling.SizeAndTimeBasedRollingPolicy">
                    <!-- Rotate files daily -->
                    <fileNamePattern>${openig.base}/logs/route-${routeId}-%d{yyyy-MM-dd}.%i.log</fileNamePattern>
                     
                    <!-- each file should be at most 100MB, keep 30 days worth of history, but at most 3GB -->
                    <maxFileSize>100MB</maxFileSize>
                    <maxHistory>30</maxHistory>
                    <totalSizeCap>3GB</totalSizeCap>
                </rollingPolicy>
                 
                <encoder>
                    <pattern>%d{HH:mm:ss:SSS} | %-5level | %thread | %logger{20} | %message%n%xException</pattern>
                </encoder>
            </appender>
        </sift>
    </appender>
     
    <root level="INFO">
        <appender-ref ref="SIFT"/>
        <appender-ref ref="STDOUT"/>
    </root>
</configuration>

