{
    "dbType" : "POSTGRESQL",
    "useDataSource" : "default",
    "maxBatchSize" : 100,
    "maxTxRetry" : 5,
    "queries" : {
        "genericTables" : {
            "credential-query" : "SELECT fullobject::text FROM ${_dbSchema}.${_mainTable} obj INNER JOIN ${_dbSchema}.objecttypes objtype ON objtype.id = obj.objecttypes_id WHERE json_extract_path_text(fullobject, 'userName') = ${username} AND json_extract_path_text(fullobject, 'accountStatus') = 'active' AND objtype.objecttype = ${_resource}",
            "get-by-field-value" : "SELECT fullobject::text FROM ${_dbSchema}.${_mainTable} obj INNER JOIN ${_dbSchema}.objecttypes objtype ON objtype.id = obj.objecttypes_id WHERE json_extract_path_text(fullobject, ${field}) = ${value} AND objtype.objecttype = ${_resource}",
            "query-all-ids" : "SELECT obj.objectid FROM ${_dbSchema}.${_mainTable} obj INNER JOIN ${_dbSchema}.objecttypes objtype ON obj.objecttypes_id = objtype.id WHERE objtype.objecttype = ${_resource} LIMIT ${int:_pageSize} OFFSET ${int:_pagedResultsOffset}",
            "query-all-ids-count" : "SELECT COUNT(obj.objectid) AS total FROM ${_dbSchema}.${_mainTable} obj INNER JOIN ${_dbSchema}.objecttypes objtype ON obj.objecttypes_id = objtype.id WHERE objtype.objecttype = ${_resource}",
            "query-all" : "SELECT obj.fullobject::text FROM ${_dbSchema}.${_mainTable} obj INNER JOIN ${_dbSchema}.objecttypes objtype ON obj.objecttypes_id = objtype.id WHERE objtype.objecttype = ${_resource} LIMIT ${int:_pageSize} OFFSET ${int:_pagedResultsOffset}",
            "query-all-count" : "SELECT COUNT(obj.fullobject) AS total FROM ${_dbSchema}.${_mainTable} obj INNER JOIN ${_dbSchema}.objecttypes objtype ON obj.objecttypes_id = objtype.id WHERE objtype.objecttype = ${_resource}",
            "for-userName" : "SELECT fullobject::text FROM ${_dbSchema}.${_mainTable} obj INNER JOIN ${_dbSchema}.objecttypes objtype ON objtype.id = obj.objecttypes_id WHERE  json_extract_path_text(fullobject, 'userName') = ${uid} AND objtype.objecttype = ${_resource}",

            "query-cluster-failed-instances" : "SELECT fullobject::text FROM ${_dbSchema}.${_mainTable} obj WHERE json_extract_path_text(fullobject, 'timestamp') <= ${timestamp} AND json_extract_path_text(fullobject, 'state') IN ('1','2')",
            "query-cluster-instances" : "SELECT fullobject::text FROM ${_dbSchema}.${_mainTable} obj WHERE json_extract_path_text(fullobject, 'type') = 'state'",
            "query-cluster-events" : "SELECT fullobject::text FROM ${_dbSchema}.${_mainTable} obj WHERE json_extract_path_text(fullobject, 'type') = 'event' AND json_extract_path_text(fullobject, 'instanceId') = ${instanceId}",

            "find-relationships-for-resource" : "SELECT * FROM ${_dbSchema}.${_mainTable} WHERE ((firstid = ${fullResourceId} AND firstpropertyname = ${resourceFieldName}) OR (secondid = ${fullResourceId} AND secondpropertyname = ${resourceFieldName}))",
            "find-relationship-edges" : "SELECT * FROM ${_dbSchema}.${_mainTable} WHERE ((firstid = ${vertex1Id} AND firstpropertyname = ${vertex1FieldName}) AND (secondid = ${vertex2Id} AND secondpropertyname = ${vertex2FieldName})) OR ((firstid = ${vertex2Id} AND firstpropertyname = ${vertex2FieldName}) AND (secondid = ${vertex1Id} AND secondpropertyname = ${vertex1FieldName}))"
        },
        "explicitTables" : {
            "query-all-ids" : "SELECT objectid FROM ${_dbSchema}.${_table}",
            "for-internalcredentials" : "select * FROM ${_dbSchema}.${_table} WHERE objectid = ${uid}",
            "get-notifications-for-user" : "select * FROM ${_dbSchema}.${_table} WHERE receiverId = ${userId} order by createDate desc",

            "credential-query" : "SELECT * FROM ${_dbSchema}.${_table} WHERE objectid = ${username}",
            "credential-internaluser-query" : "SELECT objectid, pwd, roles FROM ${_dbSchema}.${_table} WHERE objectid = ${username}",

            "links-for-firstId" : "SELECT * FROM ${_dbSchema}.${_table} WHERE linkType = ${linkType} AND firstid = ${firstId}",
            "links-for-linkType" : "SELECT * FROM ${_dbSchema}.${_table} WHERE linkType = ${linkType}",

            "query-all" : "SELECT * FROM ${_dbSchema}.${_table}",
            "get-recons" : "SELECT reconid, activitydate, mapping FROM ${_dbSchema}.${_table} WHERE mapping LIKE ${includeMapping} AND mapping NOT LIKE ${excludeMapping} AND entrytype = 'summary' ORDER BY activitydate DESC"
        }
    },
    "commands" : {
        "genericTables" : { },
        "explicitTables" : {
            "purge-by-recon-ids-to-keep" : "DELETE FROM ${_dbSchema}.${_table} WHERE mapping LIKE ${includeMapping} AND mapping NOT LIKE ${excludeMapping} AND reconId NOT IN (${list:reconIds})",
            "purge-by-recon-expired" : "DELETE FROM ${_dbSchema}.${_table} WHERE mapping LIKE ${includeMapping} AND mapping NOT LIKE ${excludeMapping} AND activitydate < ${timestamp}",
            "delete-mapping-links" : "DELETE FROM ${_dbSchema}.${_table} WHERE linktype = ${mapping}",
            "delete-target-ids-for-recon" : "DELETE FROM ${_dbSchema}.${_table} WHERE reconId = ${reconId}"
        }
    },
    "resourceMapping" : {
        "default" : {
            "mainTable" : "genericobjects",
            "propertiesTable" : "genericobjectproperties",
            "searchableDefault" : true
        },
        "genericMapping" : {
            "managed/*" : {
                "mainTable" : "managedobjects",
                "propertiesTable" : "managedobjectproperties",
                "searchableDefault" : true
            },
            "managed/user" : {
                "mainTable" : "managedobjects",
                "propertiesTable" : "managedobjectproperties",
                "searchableDefault" : false
            },
            "scheduler" : {
                "mainTable" : "schedulerobjects",
                "propertiesTable" : "schedulerobjectproperties",
                "searchableDefault" : false
            },
            "scheduler/*" : {
                "mainTable" : "schedulerobjects",
                "propertiesTable" : "schedulerobjectproperties",
                "searchableDefault" : false
            },
            "cluster" : {
                "mainTable" : "clusterobjects",
                "propertiesTable" : "clusterobjectproperties",
                "searchableDefault" : false
            },
            "config" : {
                "mainTable" : "configobjects",
                "propertiesTable" : "configobjectproperties",
                "searchableDefault" : false
            },
            "relationships" : {
                "mainTable" : "relationships",
                "propertiesTable" : "relationshipproperties",
                "searchableDefault" : false,
                "objectToColumn": {
                    "firstId" : "firstid",
                    "secondId" : "secondid",
                    "firstPropertyName" : "firstpropertyname",
                    "secondPropertyName" : "secondpropertyname",
                    "properties" : { "column" : "properties", "type" : "JSON_MAP" }
                }
            },
            "updates" : {
                "mainTable" : "updateobjects",
                "propertiesTable" : "updateobjectproperties",
                "searchableDefault" : false
            },
            "reconprogressstate" : {
                "mainTable" : "genericobjects",
                "propertiesTable" : "genericobjectproperties",
                "searchableDefault" : false,
                "properties" : {
                    "/reconId" : {
                        "searchable" : true
                    },
                    "/startTime" : {
                        "searchable" : true
                    }
                }
            },
            "jsonstorage" : {
                "mainTable" : "genericobjects",
                "propertiesTable" : "genericobjectproperties",
                "searchableDefault" : false,
                "properties" : {
                    "/timestamp" : {
                        "searchable" : true
                    }
                }
            }
        },
        "explicitMapping" : {
            "link" : {
                "table" : "links",
                "objectToColumn" : {
                    "_id" : "objectid",
                    "_rev" : "rev",
                    "linkType" : "linktype",
                    "firstId" : "firstid",
                    "secondId" : "secondid",
                    "linkQualifier" : "linkqualifier"
                }
            },
            "ui/notification" : {
                "table" : "uinotification",
                "objectToColumn" : {
                    "_id" : "objectid",
                    "_rev" : "rev",
                    "requester" : "requester",
                    "requesterId" : "requesterId",
                    "receiverId" : "receiverId",
                    "createDate" : "createDate",
                    "notificationType" : "notificationType",
                    "notificationSubtype" : "notificationSubtype",
                    "message" : "message"
                }
            },
            "internal/user" : {
                "table" : "internaluser",
                "objectToColumn" : {
                    "_id" : "objectid",
                    "_rev" : "rev",
                    "password" : "pwd",
                    "roles" : { "column" : "roles", "type" : "JSON_LIST" }
                }
            },
            "internal/role" : {
                "table" : "internalrole",
                "objectToColumn" : {
                    "_id" : "objectid",
                    "_rev" : "rev",
                    "description" : "description"
                }
            },
            "audit/authentication" : {
                "table" : "auditauthentication",
                "objectToColumn" : {
                    "_id" : "objectid",
                    "transactionId" : "transactionid",
                    "timestamp" : "activitydate",
                    "userId" : "userid",
                    "eventName" : "eventname",
                    "provider" : "provider",
                    "method" : "method",
                    "result" : "result",
                    "principal" : {"column" : "principals", "type" : "JSON_LIST"},
                    "context" : {"column" : "context", "type" : "JSON_MAP"},
                    "entries" : {"column" : "entries", "type" : "JSON_LIST"},
                    "trackingIds" : {"column" : "trackingids", "type" : "JSON_LIST"}
                }
            },
            "audit/config" : {
                "table" : "auditconfig",
                "objectToColumn" : {
                    "_id" : "objectid",
                    "timestamp" : "activitydate",
                    "eventName" : "eventname",
                    "transactionId" : "transactionid",
                    "userId" : "userid",
                    "trackingIds" : {"column" : "trackingids", "type" : "JSON_LIST"},
                    "runAs" : "runas",
                    "objectId" : "configobjectid",
                    "operation" : "operation",
                    "before" : "beforeObject",
                    "after" : "afterObject",
                    "changedFields": {
                        "column": "changedfields",
                        "type": "JSON_LIST"
                    },
                    "revision" : "rev"
                }
            },
            "audit/activity" : {
                "table" : "auditactivity",
                "objectToColumn" : {
                    "_id" : "objectid",
                    "timestamp" : "activitydate",
                    "eventName" : "eventname",
                    "transactionId" : "transactionid",
                    "userId" : "userid",
                    "trackingIds" : {"column" : "trackingids", "type" : "JSON_LIST"},
                    "runAs" : "runas",
                    "objectId" : "activityobjectid",
                    "operation" : "operation",
                    "before" : "subjectbefore",
                    "after" : "subjectafter",
                    "changedFields" : {"column" : "changedfields", "type" : "JSON_LIST"},
                    "revision" : "subjectrev",
                    "passwordChanged" : "passwordchanged",
                    "message" : "message",
                    "provider" : "provider",
                    "context" : "context",
                    "status" : "status"
                }
            },
            "audit/recon" : {
                "table" : "auditrecon",
                "objectToColumn" : {
                    "_id" : "objectid",
                    "transactionId" : "transactionid",
                    "timestamp" : "activitydate",
                    "eventName" : "eventname",
                    "userId" : "userid",
                    "trackingIds" : {"column" : "trackingids", "type" : "JSON_LIST"},
                    "action" : "activity",
                    "exception" : "exceptiondetail",
                    "linkQualifier": "linkqualifier",
                    "mapping" : "mapping",
                    "message" : "message",
                    "messageDetail" : {"column" : "messagedetail", "type" : "JSON_MAP"},
                    "situation" : "situation",
                    "sourceObjectId" : "sourceobjectid",
                    "status" : "status",
                    "targetObjectId" : "targetobjectid",
                    "reconciling" : "reconciling",
                    "ambiguousTargetObjectIds" : "ambiguoustargetobjectids",
                    "reconAction" : "reconaction",
                    "entryType" : "entrytype",
                    "reconId" : "reconid"
                }
            },
            "audit/sync" : {
                "table" : "auditsync",
                "objectToColumn" : {
                    "_id" : "objectid",
                    "transactionId" : "transactionid",
                    "timestamp" : "activitydate",
                    "eventName" : "eventname",
                    "userId" : "userid",
                    "trackingIds" : {"column" : "trackingids", "type" : "JSON_LIST"},
                    "action" : "activity",
                    "exception" : "exceptiondetail",
                    "linkQualifier": "linkqualifier",
                    "mapping" : "mapping",
                    "message" : "message",
                    "messageDetail" : {"column" : "messagedetail", "type" : "JSON_MAP"},
                    "situation" : "situation",
                    "sourceObjectId" : "sourceobjectid",
                    "status" : "status",
                    "targetObjectId" : "targetobjectid"
                }
            },
            "audit/access" : {
                "table" : "auditaccess",
                "objectToColumn" : {
                    "_id" : "objectid",
                    "timestamp" : "activitydate",
                    "eventName" : "eventname",
                    "transactionId" : "transactionid",
                    "userId" : "userid",
                    "trackingIds" : {"column" : "trackingids", "type" : "JSON_LIST"},
                    "server/ip" : "server_ip",
                    "server/port" : "server_port",
                    "client/ip" : "client_ip",
                    "client/port" : "client_port",
                    "request/protocol" : "request_protocol",
                    "request/operation" : "request_operation",
                    "request/detail" : {"column" : "request_detail", "type" : "JSON_MAP"},
                    "http/request/secure" : "http_request_secure",
                    "http/request/method" : "http_request_method",
                    "http/request/path" : "http_request_path",
                    "http/request/queryParameters" : {"column" : "http_request_queryparameters", "type" : "JSON_MAP"},
                    "http/request/headers" : {"column" : "http_request_headers", "type" : "JSON_MAP"},
                    "http/request/cookies" : {"column" : "http_request_cookies", "type" : "JSON_MAP"},
                    "http/response/headers" : {"column" : "http_response_headers", "type" : "JSON_MAP"},
                    "response/status" : "response_status",
                    "response/statusCode" : "response_statuscode",
                    "response/elapsedTime" : "response_elapsedtime",
                    "response/elapsedTimeUnits" : "response_elapsedtimeunits",
                    "response/detail" : {"column" : "response_detail", "type" : "JSON_MAP"},
                    "roles" : "roles"
                }
            },
            "clusteredrecontargetids" : {
                "table" : "clusteredrecontargetids",
                "objectToColumn" : {
                    "_id" : "objectid",
                    "_rev" : "rev",
                    "reconId" : "reconid",
                    "targetIds" : {"column" : "targetids", "type" : "JSON_LIST"}
                }
            }
        }
    }
}
