{
    "mappings" : [
        {
            "name" : "systemLdapAccounts_managedUser",
            "source" : "system/ldap/account",
            "target" : "managed/user",
            "properties" : [
                {
                    "source" : "cn",
                    "target" : "displayName"
                },
                {
                    "source" : "description",
                    "target" : "description"
                },
                {
                    "source" : "givenName",
                    "target" : "givenName"
                },
                {
                    "source" : "mail",
                    "target" : "mail"
                },
                {
                    "source" : "telephoneNumber",
                    "target" : "telephoneNumber",
                    "condition" : {
                        "type" : "text/javascript",
                        "globals" : { },
                        "source" : "!!object.telephoneNumber"
                    }
                },
                {
                    "source" : "sn",
                    "target" : "sn"
                },
                {
                    "source" : "uid",
                    "target" : "userName"
                }
            ],
            "policies" : [
                {
                    "situation" : "CONFIRMED",
                    "action" : "UPDATE"
                },
                {
                    "situation" : "FOUND",
                    "action" : "UPDATE"
                },
                {
                    "situation" : "ABSENT",
                    "action" : "CREATE"
                },
                {
                    "situation" : "AMBIGUOUS",
                    "action" : "EXCEPTION"
                },
                {
                    "situation" : "MISSING",
                    "action" : "CREATE"
                },
                {
                    "situation" : "SOURCE_MISSING",
                    "action" : "DELETE"
                },
                {
                    "situation" : "UNQUALIFIED",
                    "action" : "IGNORE"
                },
                {
                    "situation" : "UNASSIGNED",
                    "action" : "IGNORE"
                }
            ]
        },
        {
            "name" : "managedUser_systemLdapAccounts",
            "source" : "managed/user",
            "target" : "system/ldap/account",
            "links" : "systemLdapAccounts_managedUser",
            "onCreate" : {
                "type" : "text/javascript",
                "source" : "target.dn = 'uid=' + source.userName + ',ou=People,dc=openam,dc=forgerock,dc=org';"
            },
            "properties" : [
                {
                    "source" : "givenName",
                    "target" : "givenName"
                },
                {
                    "source" : "sn",
                    "target" : "sn"
                },
                {
                    "source" : "",
                    "transform" : {
                        "type" : "text/javascript",
                        "source" : "source.displayName || (source.givenName + ' ' + source.sn);"
                    },
                    "target" : "cn"
                },
                {
                    "source" : "userName",
                    "target" : "uid"
                },
                {
                    "source" : "description",
                    "target" : "description",
                    "condition" : {
                        "type" : "text/javascript",
                        "source" : "!!object.description"
                    }
                },
                {
                    "source" : "mail",
                    "target" : "mail"
                },
                {
                    "source" : "password",
                    "condition" : {
                        "type" : "text/javascript",
                        "source" : "object.password != null"
                    },
                    "transform" : {
                        "type" : "text/javascript",
                        "source" : "openidm.decrypt(source);"
                    },
                    "target" : "userPassword"
                },
                {
                    "source" : "telephoneNumber",
                    "target" : "telephoneNumber",
                    "condition" : {
                        "type" : "text/javascript",
                        "source" : "!!object.telephoneNumber"
                    }
                }
            ],
            "policies" : [
                {
                    "situation" : "CONFIRMED",
                    "action" : "UPDATE"
                },
                {
                    "situation" : "FOUND",
                    "action" : "LINK"
                },
                {
                    "situation" : "ABSENT",
                    "action" : "CREATE"
                },
                {
                    "situation" : "AMBIGUOUS",
                    "action" : "IGNORE"
                },
                {
                    "situation" : "MISSING",
                    "action" : "IGNORE"
                },
                {
                    "situation" : "SOURCE_MISSING",
                    "action" : "DELETE"
                },
                {
                    "situation" : "UNQUALIFIED",
                    "action" : "IGNORE"
                },
                {
                    "situation" : "UNASSIGNED",
                    "action" : "IGNORE"
                }
            ]
        }
    ]
}